Vaccines	Cosine	z-score
FMDV DNA Vaccine encoding P1 and non-structural proteins 2A, 3C, and 3D OR Foot and mouth disease DNA vaccine pWRMHX encoding a minimal self-cleaving ribozyme OR Foot-and-Mouth Disease Virus Cationic Microparticle-coated DNA Vaccine OR Foot-and-Mouth Disease Virus DNA Vaccine pSinCMV-Vac-MEG990	0.4455238857385012	2.816857460415122
Porcine Rotavirus Modified Live Virus Vaccine (USDA: 19E1.20) OR Porcine Rotavirus-Transmissible Gastroenteritis Modified Live Virus Vaccine (USDA: 19H1.20)	0.37621950249602365	2.073508614306371
Bovine Parainfluenza 3-Respiratory Syncytial Virus Modified Live Virus Vaccine (USDA: 1161.00) OR Bovine Parainfluenza 3-Respiratory Syncytial Virus Modified Live Virus Vaccine (USDA: 1161.20) OR Bovine respiratory syncytial virus glycoprotein G mutant vaccine OR Bovine Respiratory Syncytial Virus Killed Virus Vaccine (USDA: 1095.20) OR Bovine Respiratory Syncytial Virus Killed Virus Vaccine (USDA: 1095.21) OR Bovine Respiratory Syncytial Virus Killed Virus Vaccine-Haemophilus Somnus Bacterin (USDA: 40A5.20) OR Bovine Respiratory Syncytial Virus recombinant vector vaccine BHVl/BRSVG encoding the G protein OR Bovine Respiratory Syncytial Virus Vaccine Modified Live Virus (USDA: 1091.20) OR Bovine Rhinotracheitis-Parainfluenza 3-Respiratory Syncytial Virus Modified Live Virus Vaccine (USDA: 1071.00) OR Bovine Rhinotracheitis-Parainfluenza 3-Respiratory Syncytial Virus Modified Live Virus Vaccine (USDA: 1071.20) OR Bovine Rhinotracheitis-Parainfluenza 3-Respiratory Syncytial Virus Modified Live Virus Vaccine (USDA: 1071.21) OR Bovine Rhinotracheitis-Parainfluenza 3-Respiratory Syncytial Virus Modified Live Virus Vaccine (USDA: 1071.22) OR Bovine Rhinotracheitis-Parainfluenza 3-Respiratory Syncytial Virus Modified Live Virus Vaccine (USDA: 1071.23) OR Bovine Rhinotracheitis-Respiratory Syncytial Virus Killed Virus Vaccine (USDA: 11B5.20) OR Bovine Rhinotracheitis-Virus Diarrhea-Parainfluenza 3-Respiratory Syncytial Virus  Modified Live Virus Vaccine (USDA: 1181.00) OR Bovine Rhinotracheitis-Virus Diarrhea-Parainfluenza 3-Respiratory Syncytial Virus  Modified Live Virus Vaccine (USDA: 1181.20) OR Bovine Rhinotracheitis-Virus Diarrhea-Parainfluenza 3-Respiratory Syncytial Virus  Modified Live Virus Vaccine (USDA: 1181.21) OR Bovine Rhinotracheitis-Virus Diarrhea-Parainfluenza 3-Respiratory Syncytial Virus  Modified Live Virus Vaccine (USDA: 1181.22) OR Bovine Rhinotracheitis-Virus Diarrhea-Parainfluenza 3-Respiratory Syncytial Virus  Modified Live Virus Vaccine (USDA: 1181.23) OR Bovine Rhinotracheitis-Virus Diarrhea-Parainfluenza 3-Respiratory Syncytial Virus  Modified Live Virus Vaccine (USDA: 1181.24) OR Bovine Rhinotracheitis-Virus Diarrhea-Parainfluenza 3-Respiratory Syncytial Virus  Modified Live Virus Vaccine (USDA: 1181.25) OR Bovine Rhinotracheitis-Virus Diarrhea-Parainfluenza 3-Respiratory Syncytial Virus  Modified Live Virus Vaccine (USDA: 1181.26) OR Bovine Rhinotracheitis-Virus Diarrhea-Parainfluenza 3-Respiratory Syncytial Virus  Modified Live Virus Vaccine (USDA: 1181.28) OR Bovine Rhinotracheitis-Virus Diarrhea-Parainfluenza 3-Respiratory Syncytial Virus  Modified Live Virus Vaccine (USDA: 1181.30) OR Bovine Rhinotracheitis-Virus Diarrhea-Parainfluenza 3-Respiratory Syncytial Virus Killed Virus Vaccine (USDA: 1185.20) OR Bovine Rhinotracheitis-Virus Diarrhea-Parainfluenza 3-Respiratory Syncytial Virus Killed Virus Vaccine (USDA: 1185.22) OR Bovine Rhinotracheitis-Virus Diarrhea-Parainfluenza 3-Respiratory Syncytial Virus Killed Virus Vaccine-Campylobacter Fetus-Haemophilus Somnus-Leptospira Canicola-Grippotyphosa-Hardjo-Icterohaemorrhagiae-Pomona Bacterin (USDA: 44M5.20) OR Bovine Rhinotracheitis-Virus Diarrhea-Parainfluenza 3-Respiratory Syncytial Virus Killed Virus Vaccine-Campylobacter Fetus-Haemophilus Somnus-Leptospira Canicola-Grippotyphosa-Hardjo-Icterohaemorrhagiae-Pomona Bacterin (USDA: 44M5.22) OR Bovine Rhinotracheitis-Virus Diarrhea-Parainfluenza 3-Respiratory Syncytial Virus Killed Virus Vaccine-Campylobacter Fetus-Leptospira Canicola-Grippotyphosa-Hardjo-Icterohaemorrhagiae-Pomona Bacterin (USDA: 44B5.20) OR Bovine Rhinotracheitis-Virus Diarrhea-Parainfluenza 3-Respiratory Syncytial Virus Killed Virus Vaccine-Campylobacter Fetus-Leptospira Canicola-Grippotyphosa-Hardjo-Icterohaemorrhagiae-Pomona Bacterin (USDA: 44B6.20) OR Bovine Rhinotracheitis-Virus Diarrhea-Parainfluenza 3-Respiratory Syncytial Virus Killed Virus Vaccine-Campylobacter Fetus-Leptospira Canicola-Grippotyphosa-Hardjo-Icterohaemorrhagiae-Pomona Bacterin (USDA: 44B6.21) OR Bovine Rhinotracheitis-Virus Diarrhea-Parainfluenza 3-Respiratory Syncytial Virus Modified Live & Killed Virus Vaccine (USDA: 1187.20) OR Bovine Rhinotracheitis-Virus Diarrhea-Parainfluenza 3-Respiratory Syncytial Virus Modified Live & Killed Virus Vaccine (USDA: 1187.21) OR Bovine Rhinotracheitis-Virus Diarrhea-Parainfluenza 3-Respiratory Syncytial Virus Modified Live & Killed Virus Vaccine (USDA: 1187.22) OR Bovine Rhinotracheitis-Virus Diarrhea-Parainfluenza 3-Respiratory Syncytial Virus Modified Live & Killed Virus Vaccine (USDA: 1187.25) OR Bovine Rhinotracheitis-Virus Diarrhea-Parainfluenza 3-Respiratory Syncytial Virus Modified Live & Killed Virus Vaccine (USDA: 1189.00) OR Bovine Rhinotracheitis-Virus Diarrhea-Parainfluenza 3-Respiratory Syncytial Virus Modified Live & Killed Virus Vaccine (USDA: 1189.21) OR Bovine Rhinotracheitis-Virus Diarrhea-Parainfluenza 3-Respiratory Syncytial Virus Modified Live & Killed Virus Vaccine (USDA: 1189.30) OR Bovine Rhinotracheitis-Virus Diarrhea-Parainfluenza 3-Respiratory Syncytial Virus Modified Live & Killed Virus Vaccine-Campylobacter Fetus-Leptospira Canicola-Grippotyphosa-Hardjo-Icterohaemorrhagiae-Pomona Bacterin (USDA: 44B9.21) OR Bovine Rhinotracheitis-Virus Diarrhea-Parainfluenza 3-Respiratory Syncytial Virus Modified Live & Killed Virus Vaccine-Campylobacter Fetus-Leptospira Canicola-Grippotyphosa-Hardjo-Icterohaemorrhagiae-Pomona Bacterin (USDA: 44B9.22) OR Bovine Rhinotracheitis-Virus Diarrhea-Parainfluenza 3-Respiratory Syncytial Virus Modified Live Virus Vaccine-Campylobacter Fetus-Leptospira Canicola-Grippotyphosa-Hardjo-Icterohaemorrhagiae-Pomona Bacterin (USDA: 44B1.20) OR Bovine Rhinotracheitis-Virus Diarrhea-Parainfluenza 3-Respiratory Syncytial Virus Modified Live Virus Vaccine-Campylobacter Fetus-Leptospira Canicola-Grippotyphosa-Hardjo-Icterohaemorrhagiae-Pomona Bacterin (USDA: 44B1.22) OR Bovine Rhinotracheitis-Virus Diarrhea-Parainfluenza 3-Respiratory Syncytial Virus Modified Live Virus Vaccine-Campylobacter Fetus-Leptospira Canicola-Grippotyphosa-Hardjo-Icterohaemorrhagiae-Pomona Bacterin (USDA: 44B1.23) OR Bovine Rhinotracheitis-Virus Diarrhea-Parainfluenza 3-Respiratory Syncytial Virus Modified Live Virus Vaccine-Campylobacter Fetus-Leptospira Canicola-Grippotyphosa-Hardjo-Icterohaemorrhagiae-Pomona Bacterin (USDA: 44B1.25) OR Bovine Rhinotracheitis-Virus Diarrhea-Parainfluenza 3-Respiratory Syncytial Virus Modified Live Virus Vaccine-Leptospira Hardjo Bacterin (USDA: 4L49.20) OR Bovine Rhinotracheitis-Virus Diarrhea-Parainfluenza 3-Respiratory Syncytial Virus-Mannheimia Haemolytica-Pasteurella Multocida Modified Live Virus, Avirulent Live Culture Vaccine (USDA: 11A8.22) OR Bovine Rhinotracheitis-Virus Diarrhea-Respiratory Syncytial Virus Killed Virus Vaccine (USDA: 11A5.20) OR Bovine Rhinotracheitis-Virus Diarrhea-Respiratory Syncytial Virus Modified Live Virus Vaccine (USDA: 11A1.20) OR Bovine Rhinotracheitis-Virus Diarrhea-Respiratory Syncytial Virus Modified Live Virus Vaccine (USDA: 11A1.26) OR Bovine Rhinotracheitis-Virus Diarrhea-Respiratory Syncytial Virus Modified Live Virus Vaccine (USDA: 11A1.30) OR Bovine Rhinotracheitis-Virus Diarrhea-Respiratory Syncytial Virus Modified Live Virus Vaccine-Leptospira Pomona Bacterin (USDA: 4367.20) OR Bovine Rhinotracheitis-Virus Diarrhea-Respiratory Syncytial Virus Modified Live Virus Vaccine-Leptospira Pomona Bacterin (USDA: 4367.26) OR Bovine Rhinotracheitis-Virus Diarrhea-Respiratory Syncytial Virus Modified Live Virus Vaccine-Leptospira Pomona Bacterin (USDA: 4367.30) OR Bovine Virus Diarrhea-Respiratory Syncytial Virus Killed Virus Vaccine (USDA: 12A5.20) OR BRSV DNA vaccine VCL-Fb	0.3641759279448678	1.9443309659849979
CAdVax-Den12/Den34 OR Dengue DNA Vaccine encoding NS1 Protein OR Dengue Subunit E Protein Vaccine OR Dengue Vaccine using Vaccinia Virus expressing M Protein OR Dengue Vaccine using Vaccinia Virus expressing prM Protein OR Dengue virus DNA vaccine 1040D2MEL encoding dengue-2 prM-E-LAMP chimeric protein OR Dengue virus DNA vaccine D1ME encoding prM and E OR Dengue Virus DNA Vaccine D1ME-VRP OR Dengue Virus DNA Vaccine encoding NS1 OR Dengue Virus DNA Vaccine expressing prM/E proteins OR Dengue virus DNA vaccine p1012D2ME encoding prM and E from DEN 2 New Guinea C strain OR Dengue virus DNA vaccine pcTPANS1 encoding NS1 fused to the tissue plasminogen activator signal sequence OR Dengue virus DNA vaccine pE1D2 encoding E from Dengue Virus 2 strain New Guinea C OR Dengue virus DNA vaccine sA encoding prM and E from Dengue Virus 4 OR Dengue virus DNA vaccine sABC encoding prM and E OR Dengue virus DNA vaccine sB encoding E OR Dengue virus DNA vaccine sC encoding prM and E	0.35302991493217317	1.8247804336224003
ALVAC-BTV-CP(VP2/VP5) OR ALVAC-BTV-VP2/VP5 OR Bluetongue Modified Live Virus Vaccine (USDA: 1061.00) OR BoHV-4-A-IgK-VP2gD OR rCPV-BTV-Cpox OR SG33-VP2/5	0.3370391073515592	1.6532653315860988
ALVAC-JEV OR Ixiaro OR Japanese encephalitis virus (JEV) OR Japanese encephalitis virus DNA vaccine encoding E protein OR Japanese encephalitis virus DNA vaccine encoding NS1 (pUSK-NS1) OR Japanese encephalitis virus DNA vaccine encoding PrM OR Japanese encephalitis virus DNA Vaccine P-JEV OR Japanese encephalitis virus DNA Vaccine pCJ-3/E encoding E OR Japanese encephalitis virus DNA vaccine pUJENS3 OR Japanese encephalitis virus DNA vaccine pUJENS5 OR Japanese encephalitis virus vaccine BV-G-E OR JE-Vax OR NYVAC-JEV OR NYVAC-JEV- prM/E/ NS1	0.3261688706002166	1.5366727357358716
Bovine Rotavirus-Coronavirus  Modified Killed Virus Vaccine (USDA: 1935.20) OR Bovine Rotavirus-Coronavirus  Modified Live Virus Vaccine (USDA: 1931.20) OR Bovine Rotavirus-Coronavirus Killed Virus Vaccine-Clostridium Perfringens Type C-Escherichia Coli Bacterin-Toxoid (USDA: 4570.20) OR Bovine Rotavirus-Coronavirus Killed Virus Vaccine-Clostridium Perfringens Type C-Escherichia Coli Bacterin-Toxoid (USDA: 4570.22) OR Bovine Rotavirus-Coronavirus Killed Virus Vaccine-Clostridium Perfringens Types C & D-Escherichia Coli Bacterin-Toxoid (USDA: 4575.20) OR Bovine Rotavirus-Coronavirus Killed Virus Vaccine-Escherichia Coli Bacterin (USDA: 4585.20) OR Bovine Rotavirus-Coronavirus Killed Virus Vaccine-Escherichia Coli Bacterin (USDA: 4585.22) OR HSVT[VP7/6/2] OR ROTARIX OR RotaTeq OR Rotavirus Chimeric VP6 protein Vaccine OR Rotavirus VP2/VP 6 Protein Vaccine OR Rotavirus VP4/VP7 Protein Vaccine OR Rotavirus VP6 Protein Vaccine	0.32584590043033584	1.533208604148863
rBCG-SIVgag OR rMVA-SIV-CD40L OR SabRV-SIV OR Simian Immunodeficiency Virus nef mutant vaccine OR SIV DNA vaccine pSIVgag and  pmacIL-15 encoding SIV core protein OR SIV DNA vaccine pVacc4 encoding env from mac239 OR SIV recombinant vector vaccine rAd5/rLCMV	0.29474869970368234	1.1996645020897891
Avian pneumovirus DNA Vaccine expressing the F gene OR Avian Pneumovirus Modified Live Virus Vaccine (USDA: 1A31.20)	0.2730729580137486	0.9671736145020622
Human metapneumovirus G protein mutant vaccine OR Human metapneumovirus M2-2 mutant vaccine	0.2716237854182509	0.9516299976877163
Ovine Ecthyma Live Virus Vaccine OR Ovine Ecthyma Live Virus Vaccine	0.27010598239904465	0.9353502608202824
Lymphocytic choriomeningitis virus DNA vaccine pCMV-NP	0.26666394339900357	0.8984314455991746
Equine Arteritis Modified Live Virus Vaccine (USDA: 1531.20)	0.24299002866228595	0.6445084413233069
COMVAX OR Duck hepatitis B DNA vaccine pcDNA I-S  encoding small S proteins OR Engerix-B OR HBsAg Liposomal MTP-PE Vaccine OR Hepatitis B DNA vaccine pCEA/HBsAg encoding CEA and HBsAg OR Hepatitis B DNA vaccine pCMV-HBs encoding HBsAg OR Hepatitis B DNA vaccine pCMV-S2.S encoding the HBV(ayw Strain) envelope protein. OR Hepatitis B DNA vaccine PLGA–CTAB–DNA encoding the small envelope gene OR Hepatitis B DNA vaccine pRc/CMV-HBs(S) encoding HBsAg OR Hepatitis B DNA vaccine pS encoding major envelope proteins OR Hepatitis B surface antigen (HBsAg) with JVRS-1000 OR Hepatitis B virus DNA vaccine encoding HBVgp2 pre-S1/pre-S2/S OR Hepatitis B virus DNA vaccine pVAX-PS OR Hepatitis B virus X protein mutant vaccine OR Infanrix-hexa OR Pediarix OR recombinant S gene Hepatitis B Vaccine with rIFN-gamma OR Recombivax HB OR Twinrix OR Twinrix Junior	0.24073616120964322	0.6203337832162976
Porcine Rotavirus-Transmissible Gastroenteritis Modified Live Virus Vaccine (USDA: 19H1.20) OR Porcine Rotavirus-Transmissible Gastroenteritis Modified Live Virus Vaccine-Bordetella Bronchiseptica-Clostridium Perfringens Type C-Erysipelothrix Rhusiopathiae-Escherichia Coli-Pasteurella Multocida Bacterin-Toxoid (USDA: 49T9.21) OR Porcine Rotavirus-Transmissible Gastroenteritis Modified Live Virus Vaccine-Clostridium Perfringens Type C-Escherichia Coli Bacterin-Toxoid (USDA: 49B1.21) OR Porcine Rotavirus-Transmissible Gastroenteritis Modified Live Virus Vaccine-Escherichia Coli Bacterin (USDA: 49P1.20) OR Transmissible Gastroenteritis Modified Live Virus Vaccine (USDA: 1961.20)	0.2022359056916887	0.20738558030057574
Eolarix OR M-M-R II OR Meruvax II OR Priorix OR Priorix-Tetra OR ProQuad	0.19840812266323843	0.16632933011510115
MVA-CHIKV	0.19147546813453067	0.09197067481396078
AdC68- rabies virus glycoprotein OR ALVAC-rabies OR ALVAC-RV OR BV-RVG/RVG OR Canine Distemper-Adenovirus Type 2-Parainfluenza-Parvovirus-Rabies Modified Live & Killed Virus Vaccine (USDA: 13G9.20) OR Canine Distemper-Adenovirus Type 2-Parvovirus-Rabies Modified Live & Killed Virus Vaccine (USDA: 13H9.20) OR Feline Rhinotracheitis-Calici-Panleukopenia-Chlamydia Psittaci-Rabies Modified Live & Killed Virus, Modified Live Chlamydia Vaccine (USDA: 1619.20) OR Feline Rhinotracheitis-Calici-Panleukopenia-Chlamydia Psittaci-Rabies Modified Live Virus and Chlamydia, Canarypox Vector Vaccine (USDA: 1619.R1) OR Feline Rhinotracheitis-Calici-Panleukopenia-Rabies Modified Live & Killed Virus Vaccine (USDA: 16T9.20) OR Feline Rhinotracheitis-Calici-Panleukopenia-Rabies Modified Live Virus, Canarypox Vector Vaccine (USDA: 16T9.R0) OR Imovax Rabies OR Purevax Feline Rabies OR RabAvert OR Rabies DNA Vaccine encoding Rabies virus Glycoprotein OR Rabies Killed Virus Vaccine (USDA: 1905.20) OR Rabies Killed Virus Vaccine (USDA: 1905.21) OR Rabies Killed Virus Vaccine (USDA: 1905.22) OR Rabies Killed Virus Vaccine (USDA: 1905.23) OR Rabies Killed Virus Vaccine (USDA: 1905.24) OR Rabies Killed Virus Vaccine-Ehrlichia Risticii Bacterin (USDA: 4905.20) OR Rabies Live Canarypox Vector Vaccine (USDA: 1901.R1) OR Rabies Live Canarypox Vector Vaccine (USDA: 1901.R6) OR Rabies Live Vaccinia Vector Vaccine (USDA: 1901.R0) OR Rabies Vaccine Adsorbed (RVA) OR Rabies vaccine rVac-N OR Rabies virus DNA vaccine encoding the ERA glycoprotein OR Rabies virus DNA vaccine pCMV-intA-rabies encoding glycoprotein G OR Rabies virus DNA vaccine pSG5rab.gp OR Rabies virus glycoprotein G mutant vaccine OR Rabies virus P protein mutant vaccine OR Raboral OR RCN-rabies-G OR rLSDV-Rabies-gP OR rORFV-RabG	0.19061375207365985	0.082728032291906
HDAd-sFsyn OR HRSV DNA vaccine DRF-412 OR HRSV DNA vaccine pND-G OR Human Respiratory Syncytial Virus M2-2 mutant vaccine	0.16136868574072932	-0.230950342665964
Human cytomegalovirus DNA vaccine pcGB OR Human cytomegalovirus DNA vaccine VCL-CB01 encoding phosphoprotein 65 and gB	0.15633159438090286	-0.2849774600702269
M-M-R II OR Mumps HN Protein Subunit Vaccine OR Mumpsvax OR Priorix OR Priorix-Tetra OR ProQuad OR rvOka-HN (mumps virus)	0.15531833240620677	-0.29584556226602804
Coxsackievirus DNA vaccine pCMV/VPl encoding VP1	0.15494762772150122	-0.2998216873930471
CAdVax-RVFV glycoprotein OR Rift Valley Fever Virus DNA Vaccine encoding N Protein OR rMVA-GnGc (Rift Valley fever virus)	0.154096656308067	-0.30894908437217733
Cervarix OR Gardasil OR Gardasil 9 OR Human papillomavirus DNA vaccine CRT/E7 DNA OR Human papillomavirus DNA vaccine E7IR OR Human papillomavirus DNA vaccine E7SH DNA OR Human papillomavirus DNA vaccine hCRTE6E7L2 DNA encoding CRT linked to E6, E7 and L2 OR Human papillomavirus DNA vaccine pC16-L1 encoding L1 OR Human papillomavirus DNA vaccine Pe7(pcDNA3-Sig/sE7/LAMP) encoding E7 OR Human papillomavirus DNA vaccine pNGVL4a-E6/opt OR Human papillomavirus DNA vaccine VlJns-Ll encoding L1 OR Human papillomavirus E7 protein vaccine OR Human papillomavirus L2 protein vaccine OR LM1-2-E7	0.1513787006098245	-0.3381014862483249
Adenoviral vector Ad5 expressing SIV gag protein OR ALVAC-HIV-2 OR ALVAC-HIV-2- env/gag/pol OR ALVAC-SIV/gp120 OR CVB4/p24(73(3)) OR DNA and poxvirus priming-boosting SHIV vaccine OR DNA vaccine expressing multiple HIV epitopes OR Gag-VRPs OR gp120 recominant with GMDP adjuvant OR gp120 recominant with MDP adjuvant OR gp140, Gag and Tat Protein Vaccine with MF59 OR HIV DNA and adenoviral vector Ad5 expressing SIV gag protein OR HIV DNA vaccine Ad26/Ad5HVR48 encoding HIV or SIV env or gag OR HIV DNA vaccine pCMN160 OR HIV DNA vaccine pHIS-SHIV-B OR HIV DNA vaccine SHIV-89.6 DNA (DNA/89.6) OR HIV DNA vaccine SIVmac239 Gag-Pol-Nef and mock Env with rAd5 boost OR HIV DNA vaccine VlJns-tPA-gp120 OR HIV priming with DNA vaccine expressing HIV gp160 protein and boosted with Ad5/35 vector expressing the same protein OR HIV recombinant gp160 Protein Vaccine OR HIV recombinant vector vaccine MVA-gag encoding gag OR HIV recombinant vector vaccine MVA.HIVA encoding env and rev OR HIV-1 gp120 with mCT E112K OR HIV-2 DNA vaccine OR Inactivated HIV-2 Vaccine with PMMA OR L. T -HIV-1 Gag OR MVA expressing HIV Gag, Pol and Env proteins OR NYVAC-HIV-1 OR NYVAC-HIV-2 OR NYVAC-SIV OR rBCG-SIVgag and rDIsSIVgag Prime-boost SHIV vaccine OR Recombinant HIV gp120 with adjuvant NanoEmulsion OR rgp120 HIV Vaccine with immunoliposomes OR rMVA-SIV-CD40L OR rMVTT-SIV-gpe OR SHIV DNA vaccine encoding env and gag OR SHIV(Ba-L) DNA vaccine encoding env and gag OR V3 VLPs with Gamma inulin adjuvant OR YF17D- HIV-1 p24	0.14761877742383436	-0.3784298815243435
Lassa fever virus recombinant vector vaccine V-LSG encoding the glycoprotein OR Lassa fever virus recombinant vector vaccine V-LSG/N encoding the glycoprotein and the nucleoprotein OR Lassa fever virus recombinant vector vaccine YFV17D/LASV-GPC encoding the glycoprotein precursor OR Lassa Virus Nucleoprotein Subunit Vaccine OR ML29 OR V-LSG OR V-LSG + V-LSN OR V-LSG/N OR V-LSG1 + V- LSG2 OR V-LSGPC OR V-LSN OR VSV[Delta]G/LVGPC OR YFV17D/LAS-GPC	0.14000736056799448	-0.46006884391501446
ALVAC-NiV-F OR ALVAC-NiV-G OR NIpah Virus G and F Proteins Subunit Vaccine OR rMV-Ed-G	0.1347778264834717	-0.5161600743039428
Priorix-Tetra OR ProQuad OR Varicella Subunit Vaccine encoding gI and gE glycoproteins OR Varilrix OR Varivax OR Varivax III OR Zostavax	0.1326548085658625	-0.5389312591192162
ACAM1000 OR ACAM2000 OR CCSV OR Dryvax OR dVV-L OR IMV-EEV OR Killed Vaccinia Virus with Adjuvant NanoEmulsion OR LC16m0 OR LC16m8 OR MVA OR MVA-BN OR NYVAC OR Recombinant vaccinia A27L, D8L, and B5R Proteins with adjuvant MPL-TDM OR Smallpox DNA Vaccine	0.13258305914209406	-0.5397008331183187
Bayovac CSF E2 OR Classical Swine Fever Virus DNA Vaccine pcDNA/E2 with TRIF OR Classical swine fever virus DNA vaccine pCI-gp55 OR Classical swine fever virus E(rns) mutant vaccine OR Classical swine fever virus E1 mutant vaccine OR Classical swine fever virus E1 protein vaccine OR Classical swine fever virus E2 mutant vaccine OR Classical swine fever virus vaccine VAC-E0 OR Classical swine fever virus vaccine VAC-E2 OR DNA vaccine expressing the E2 protein OR Porcilis Pesti OR rAdV-SFV-E2 OR rORFV-CSFV-E2 OR rPFV-CSFV-E0	0.13144183363733924	-0.5519414537316109
Avaxim OR Avaxim - Pediatric OR Epaxal OR Havrix OR Twinrix OR Twinrix Junior OR VAQTA OR ViVaxim	0.13105486390449025	-0.5560920354254972
Chimeric SIN/VEE Virus SIN-83 OR Defective adenovirus expressing VEEV  E2 glycoprotein OR Encephalomyelitis Eastern & Western & Venezuelan, Killed Virus Vaccine-Tetanus Toxoid (USDA: 4865.23) OR Encephalomyelitis Eastern & Western & Venezuelan, Killed Virus Vaccine-Tetanus Toxoid (USDA: 4865.27) OR Encephalomyelitis Eastern & Western & Venezuelan, Killed Virus Vaccine-Tetanus Toxoid (USDA: 4867.20) OR Encephalomyelitis Eastern & Western & Venezuelan, Killed Virus Vaccine-Tetanus Toxoid (USDA: 4867.21) OR Encephalomyelitis-Influenza Eastern & Western & Venezuelan, Killed Virus Vaccine-Tetanus Toxoid (USDA: 4875.23) OR Encephalomyelitis-Influenza Eastern & Western & Venezuelan, Killed Virus Vaccine-Tetanus Toxoid (USDA: 4875.24) OR Encephalomyelitis-Influenza Eastern & Western & Venezuelan, Killed Virus Vaccine-Tetanus Toxoid (USDA: 4875.A0) OR Encephalomyelitis-Influenza Eastern & Western & Venezuelan, Killed Virus Vaccine-Tetanus Toxoid (USDA: 4875.A1) OR Encephalomyelitis-Rhinopneumonitis-Influenza Eastern & Western & Venezuelan, Killed Virus Vaccine-Tetanus Toxoid (USDA: 4847.22) OR Encephalomyelitis-Rhinopneumonitis-Influenza Eastern & Western & Venezuelan, Killed Virus Vaccine-Tetanus Toxoid (USDA: 4847.23) OR Encephalomyelitis-Rhinopneumonitis-Influenza Eastern & Western & Venezuelan, Killed Virus Vaccine-Tetanus Toxoid (USDA: 4847.24) OR Encephalomyelitis-Rhinopneumonitis-Influenza Eastern & Western & Venezuelan, Killed Virus Vaccine-Tetanus Toxoid (USDA: 4847.32) OR Encephalomyelitis-West Nile Virus Eastern & Western & Venezuelan, Killed Virus Vaccine (USDA: 14W5.23) OR Encephalomyelitis-West Nile Virus Eastern & Western & Venezuelan, Killed Virus Vaccine-Tetanus Toxoid (USDA: 48W5.20) OR Encephalomyelitis-West Nile Virus Eastern & Western & Venezuelan, Killed Virus Vaccine-Tetanus Toxoid (USDA: 48W5.23) OR Live attenuated V3526 virus OR Live attenuated vaccine TC-83 OR Live attenuated VEE vaccines OR live TC-83 VEE Vaccine with DHEA OR Recombinant RNA replicons from attenuated VEE virus OR VEE virus complex-specific monoclonal antibody OR VEE virus DNA vaccine encoding 26S OR VEE virus DNA vaccine pSTU-TRDF encoding VEEV E3–E2–6K OR VEE virus DNA vaccine VEEV IA/B parent encoding structural genes OR VEE Virus PE2/E1 mutant vaccine OR VEE virus recombinant vector vaccine RAd/VEEV OR VEE virus recombinant vector vaccine RAd/VEEV#2 OR VEE virus recombinant vector vaccine RAd/VEEV#3 encoding TC-83	0.12910524763541698	-0.5770033391001862
Andes virus vaccine using adenovirus viral vector expressing ANDV NP OR Chimaeric HBV core particles carrying Puumala virus nucleocapsid protein fragments OR DNA vaccine encoding ANDV glycoproteins OR Dobrava-Belgrade virus S nucleocapsid protein vaccine OR Hantavirus DNA vaccine pWRG/HTN-M OR Puumala virus PUUVsSgp1 (NP) protein vaccine OR Recombinant DOBV nucleocapsid protein (rDOBV N) OR rVSVΔG-ANDV-GPC OR Seoul virus vaccine rCAV-2-Gc OR Sin Nombre virus DNA vaccine encoding G1 OR Sin Nombre virus DNA vaccine encoding SNVsSgp1 (NP) OR Topografov virus N protein vaccine OR Truncated Recombinant DoBV Nucleocapsid Proteins (Dob-N rNp)	0.1288109689643848	-0.5801597297974503
ALVAC-WNV-prM/E OR ALVAC-WNV-PrM/E (dogs and cats) OR Encephalomyelitis-Influenza-West Nile Virus Eastern & Western, Killed Virus Vaccine (USDA: 13W5.20) OR Encephalomyelitis-Rhinopneumonitis-Influenza-West Nile Virus Eastern & Western, Killed Virus, Killed Flavivirus Chimera Vaccine-Tetanus Toxoid (USDA: 4855.R2) OR Encephalomyelitis-West Nile Virus Eastern & Western & Venezuelan, Killed Virus Vaccine (USDA: 14W5.23) OR Encephalomyelitis-West Nile Virus Eastern & Western & Venezuelan, Killed Virus Vaccine-Tetanus Toxoid (USDA: 48W5.20) OR Encephalomyelitis-West Nile Virus Eastern & Western & Venezuelan, Killed Virus Vaccine-Tetanus Toxoid (USDA: 48W5.23) OR Encephalomyelitis-West Nile Virus Eastern & Western, Killed Virus Vaccine (USDA: 14W5.22) OR Encephalomyelitis-West Nile Virus Eastern & Western, Killed Virus Vaccine-Tetanus Toxoid (USDA: 48W5.21) OR Encephalomyelitis-West Nile Virus Eastern & Western, Killed Virus Vaccine-Tetanus Toxoid (USDA: 48W5.22) OR Encephalomyelitis-West Nile Virus Eastern & Western, Killed Virus, Live Canarypox Vector Vaccine (USDA: 14W7.R0) OR Encephalomyelitis-West Nile Virus Eastern & Western, Killed Virus, Live Canarypox Vector Vaccine-Tetanus Toxoid (USDA: 48W9.R0) OR PreveNile OR RECOMBITEKEquine WNV OR rMV- WNV OR West Nile virus C protein mutant vaccine OR West Nile Virus DNA Vaccine (USDA: 1995.D0) OR West Nile virus DNA vaccine pCBWN encoding prM and E OR West Nile Virus Killed Virus Vaccine (USDA: 1995.20) OR West Nile Virus Killed Virus Vaccine (USDA: 1995.22) OR West Nile Virus Live Canarypox Vector Vaccine (USDA: 1991.R0) OR West Nile Virus Live Flavivirus Chimera Vaccine (USDA: 1991.R1) OR West Nile-Innovator DNA	0.12843428646526497	-0.5841999721020447
FSME-IMMUN OR TBEV DNA vaccine encoding E protein OR Tick-borne Encephalitis Virus C protein mutant vaccine	0.1276247427074917	-0.5928830220053946
cAdVax-based bivalent ebola virus vaccine  (Sudan and Zaire species) OR CAdVax-Filoviruses (Ebola ) OR CAdVax-ZEBOV/SEBOV OR DNA vaccine expressing sGP OR Ebola virus DNA vaccine DNA/rAd5 encoding ZEBOV and SEBOV antigens OR Ebola virus DNA vaccine EBOV GP OR Ebola virus DNA vaccine encoding ZEBOV GP and SEBOV GP OR Ebola virus DNA vaccine GP DNA OR Ebola virus EBOV NP OR Ebola virus recombinant adenovirus vaccine AdC7-ZGP encoding GP OR Ebola virus recombinant adenovirus vector vaccine ADV−GP/NP OR Ebola virus recombinant rAD-GP encoding GP OR Ebola virus recombinant vector vaccine Ad-CAGoptZGP encoding the envelope glycoprotein OR Ebola virus recombinant vector vaccine Ad-CMVZGP encoding the glycoprotein OR Ebola virus recombinant vector vaccine EBO7 encoding GP from SEBOV and ZEBOV OR Ebola virus recombinant vector vaccine pVSVXN2∆G/ZEBOVsGP encoding GP OR Ebola virus recombinant VSVΔG-GP encoding GP OR GP and NP OR GP-VRP OR NP-VRP OR rAd-GP (Ebola virus) OR rCMV- EBOV OR rVEE-Ebola-NP OR rVSV- SEBOV-GP and -VP40 OR rVSV-EBOV OR VRP expressing VP24 OR VRP expressing VP30 OR VRP expressing VP35 OR VRP expressing VP40	0.12660657298551012	-0.603803763992663
Hendra virus G protein vaccine	0.1205406386336322	-0.6688661033437504
ALVAC-MV-HA/F OR Attenuvax OR Canine Distemper-Adenovirus Type 2-Measles-Parainfluenza Modified Live Virus Vaccine (USDA: 1341.20) OR Canine Distemper-Measles Modified Live Virus Vaccine (USDA: 1351.20) OR Eolarix OR M-M-R II OR Measles Virus vaccine VEE/SIN-H OR Measles Virus vaccine VEE/SIN-H+F OR Measles Virus Vaccine VVM OR Measles Virus Vaccine VVN OR Measles Virus Vaccine VVP OR Priorix OR Priorix-Tetra OR ProQuad	0.11930498112694042	-0.6821195880269814
Apex-IHN OR IHNV DNA vaccine pCDNA-G encoding G OR IHNV DNA vaccine pCMV4-G OR IHNV DNA vaccine pCMV4-N encoding the nucleoprotein OR IHNV DNA vaccine pIHN-G encoding glycoproteins OR IHNV DNA vaccine pIHNw-G OR Infectious Hematopoietic Necrosis Virus NV mutant vaccine	0.11246284875744861	-0.7555073156688276
2008–2009 trivalent influenza vaccine OR 2011–2012  trivalent inactivated vaccine (A/California/7/09 (H1N1,), A/Perth /16/2009 (H3N2), and B/Brisbane/60/2008). OR AcHERV-sH1N1-HA OR AdH5-FluA NP OR Aflunov OR Afluria OR Afluria Quadrivalent OR Agriflu OR ALVAC-AI-H5 OR ALVAC-AI-H5(H5N1) OR ALVAC-EIV (equine influenza virus H3N8) OR AREPANRIX H1N1 OR Avian Influenza  H10N9 Subtype, Killed Virus Vaccine (USDA: 1057.H0) OR Avian Influenza  H2N2 Subtype, Killed Virus Vaccine (USDA: 1057.H2) OR Avian Influenza  H3N4 Subtype, Killed Virus Vaccine (USDA: 1057.H3) OR Avian Influenza  H4N6 Subtype, Killed Virus Vaccine (USDA: 1057.H4) OR Avian Influenza  H5N2 Subtype, Killed Virus Vaccine (USDA: 1057.H5) OR Avian Influenza  H5N9 Subtype, Killed Virus Vaccine (USDA: 1057.14) OR Avian Influenza  H6N8 Subtype, Killed Virus Vaccine (USDA: 1057.H6) OR Avian Influenza  H7N2 Subtype, Killed Virus Vaccine (USDA: 10F5.12) OR Avian Influenza  H7N3 Subtype, Killed Virus Vaccine (USDA: 1057.H7) OR Avian Influenza  H7N3 Subtype, Killed Virus Vaccine (USDA: 10F5.13) OR Avian influenza DNA vaccine pCMV-M OR Avian Influenza H1N1 Subtype, Killed Virus Vaccine (USDA: 1057.H1) OR Avian Influenza H5N2 Subtype, Killed Virus Vaccine (USDA: 10F5.10) OR Avian Influenza H5N3 Subtype, Killed Virus Vaccine (USDA: 1057.R3) OR Avian Influenza H9N2 Subtype, Killed Virus Vaccine (USDA: 1057.H9) OR Avian influenza virus (H5N1) and NDV vaccine by Intervet OR Avian influenza virus DNA vaccine pCMV-HA OR Avian influenza virus DNA vaccine pH5HA OR Avian influenza virus DNA vaccine pN1NA encoding N1 neuraminidase OR Avian influenza virus DNA vaccine pNP OR Avian Influenza-Fowl Pox H5 Subtype, Live Fowl Pox Vector Vaccine (USDA: 1061.R0) OR BacHA derived from Influenza A virus (A/Indonesia/CDC669/2006(H5N1)) OR BPZE1- FHA (H1N1/PR8 influenza A virus) OR BV-H5/H7/H9 OR C-KCE (vBAC-C-KCE) OR Canine Influenza H3N8, Killed Virus Vaccine (USDA: 15K5.20) OR dVV-HA5(H5N1) OR Encephalomyelitis-Influenza-West Nile Virus Eastern & Western, Killed Virus Vaccine (USDA: 13W5.20) OR Encephalomyelitis-Rhinopneumonitis-Influenza Eastern & Western & Venezuelan, Killed Virus Vaccine-Tetanus Toxoid (USDA: 4847.22) OR Encephalomyelitis-Rhinopneumonitis-Influenza Eastern & Western & Venezuelan, Killed Virus Vaccine-Tetanus Toxoid (USDA: 4847.23) OR Encephalomyelitis-Rhinopneumonitis-Influenza Eastern & Western & Venezuelan, Killed Virus Vaccine-Tetanus Toxoid (USDA: 4847.24) OR Encephalomyelitis-Rhinopneumonitis-Influenza Eastern & Western & Venezuelan, Killed Virus Vaccine-Tetanus Toxoid (USDA: 4847.32) OR Encephalomyelitis-Rhinopneumonitis-Influenza Eastern & Western, Killed Virus Vaccine-Tetanus Toxoid (USDA: 4845.23) OR Encephalomyelitis-Rhinopneumonitis-Influenza Eastern & Western, Killed Virus Vaccine-Tetanus Toxoid (USDA: 4845.24) OR Encephalomyelitis-Rhinopneumonitis-Influenza Eastern & Western, Killed Virus Vaccine-Tetanus Toxoid (USDA: 4845.32) OR Encephalomyelitis-Rhinopneumonitis-Influenza Eastern & Western, Killed Virus Vaccine-Tetanus Toxoid (USDA: 4845.33) OR Encephalomyelitis-Rhinopneumonitis-Influenza-West Nile Virus Eastern & Western, Killed Virus, Killed Flavivirus Chimera Vaccine-Tetanus Toxoid (USDA: 4855.R2) OR Equine Influenza Killed Virus Vaccine (USDA: 1505.10) OR Equine Influenza Killed Virus Vaccine (USDA: 1505.20) OR Equine Influenza Killed Virus Vaccine (USDA: 1505.21) OR Equine Influenza Killed Virus Vaccine (USDA: 1505.24) OR Equine Influenza Killed Virus Vaccine (USDA: 1505.25) OR Equine Influenza Killed Virus Vaccine (USDA: 1505.28) OR Equine Influenza Live Canarypox Vector Vaccine (USDA: 1501.R0) OR Equine Influenza Modified Live Virus Vaccine (USDA: 1501.10) OR Equine Influenza Modified Live Virus Vaccine (USDA: 1501.20) OR Equine Rhinopneumonitis-Influenza Killed Virus Vaccine (USDA: 1515.24) OR Equine Rhinopneumonitis-Influenza Killed Virus Vaccine (USDA: 1515.26) OR Equine Rhinopneumonitis-Influenza Killed Virus Vaccine (USDA: 1515.27) OR Equine Rhinopneumonitis-Influenza Killed Virus Vaccine (USDA: 1515.2A) OR Equine Rhinopneumonitis-Influenza Modified Live & Killed Virus Vaccine (USDA: 1518.20) OR Flagellin-based HA globular head fusion vaccine using HA protein from Influenza A virus (A/Viet Nam/1203/2004(H5N1)) OR Fluad OR Fluarix OR Fluarix Quadrivalent OR Flublok OR Flublok Quadrivalent OR Flucelvax OR Flucelvax Quadrivalent OR FluLaval OR Flulaval Quadrivalent OR FluLaval Tetra OR FluMist OR FluMist Quadrivalent OR Fluviral S/F OR Fluvirin OR Fluzone OR Fluzone High-Dose OR Fluzone Intradermal Quadrivalent OR Fluzone Quadrivalent OR Fluzone Quadrivalent - Southern Hemisphere Formulation OR Focetria OR FP-AI-H5(H5N1) OR Inactivated H1N1(2009) Vaccine with AF03 adjuvant OR Inactivated split Mem 71 Virus with SPT adjuvant OR Influenza A (H1N1) 2009 Monovalent Vaccine by CSL Limited OR Influenza A (H1N1) 2009 Monovalent Vaccine by Novartis OR Influenza A (H1N1) 2009 Monovalent Vaccine from GlaxoSmithKline OR Influenza A (H1N1) 2009 Monovalent Vaccine from MedImmune LLC OR Influenza A (H1N1) 2009 Monovalent Vaccine from Sanofi Pasteur OR Influenza A (H5N1) Virus Monovalent Vaccine, Adjuvanted by GSK OR Influenza virus CTA1-3M2e-DD protein vaccine OR Influenza virus DNA vaccine A/NP OR Influenza virus DNA vaccine BacPAKHA encoding EqfKY HA OR Influenza virus DNA vaccine d1TTFC-NP encoding NP OR Influenza virus DNA vaccine encoding HA from Influenza A virus (A/chicken/Henan/12/2004(H5N1)) OR Influenza virus DNA vaccine encoding HA from Influenza A virus (A/environment/Hong Kong/156/1997(H5N1)) OR Influenza virus DNA vaccine encoding HA from Influenza A virus (A/equine/Kentucky/1/1981(H3N8)) OR Influenza virus DNA vaccine encoding HA from Influenza A virus (A/Hong Kong/1/68(H3N2)) OR Influenza virus DNA vaccine encoding HA from Influenza A virus (A/Thailand/1(KAN-1)/2004(H5N1)) OR Influenza virus DNA vaccine encoding HA from Influenza B virus (B/Ibaraki/2/85) OR Influenza virus DNA vaccine encoding HA of Equine influenza virus H3N8 OR Influenza virus DNA vaccine encoding M1 from Influenza A virus (A/chicken/Henan/12/2004(H5N1)) OR Influenza virus DNA vaccine encoding NA from Influenza A virus (A/chicken/Henan/12/2004(H5N1)) OR Influenza virus DNA vaccine encoding NA from Influenza B virus (B/Ibaraki/2/85) OR Influenza virus DNA vaccine encoding NP from Influenza A virus (A/chicken/Henan/12/2004(H5N1)) OR Influenza virus DNA vaccine encoding NP from Influenza A virus (A/chicken/Hubei/489/2004(H5N1)) OR Influenza virus DNA vaccine H5 DNA OR Influenza virus DNA vaccine HA DNA OR Influenza virus DNA vaccine HA-DNA OR Influenza virus DNA vaccine M2-DNA/M2-Ad OR Influenza virus DNA vaccine NA-DNA OR Influenza virus DNA vaccine NP DNA OR Influenza virus DNA vaccine p188 encoding H7 OR Influenza virus DNA vaccine pBK-SFV-HA OR Influenza virus DNA vaccine pBK-SFV-NP OR Influenza virus DNA vaccine pCAGGHA OR Influenza virus DNA vaccine pCAGGoptiHA OR Influenza virus DNA vaccine pCMV/H7 OR Influenza virus DNA vaccine pCMV/Hl encoding H1 OR Influenza virus DNA vaccine pCMVH5HA OR Influenza virus DNA vaccine pDNA encoding M2 and NP OR Influenza virus DNA vaccine pHA/NP147–155 encoding NP147-155 OR Influenza virus DNA vaccine pIRES/HA encoding HA OR Influenza virus DNA vaccine pIRES/HA/GM-CSF encoding HA OR Influenza virus DNA vaccine pIRES/HA/IL-12p35 + pIRES/NA/IL-12p40 OR Influenza virus DNA vaccine pIRES/HA/IL-2 expressing HA OR Influenza virus DNA vaccine pIRES/NA expressing NA OR Influenza virus DNA vaccine pIRES/NA/GM-CSF encoding NA OR Influenza virus DNA vaccine pIRES/NA/IL-2 encoding NA OR Influenza virus DNA vaccine pβactinH7HA OR Influenza virus DNA vaccine pRSV-NP encoding the coding sequence from influenza virus A/PR/8/34. OR Influenza virus HA protein vaccine (Influenza A virus (A/Fukuoka/C29/85(H3N2))) OR Influenza virus HA protein vaccine (Influenza A virus (A/Yamagata/120/1986(H1N1))) OR Influenza virus NP protein vaccine (Influenza A virus (A/nt/60/1968(H3N2))) OR Influenza virus NS1 mutant vaccine OR Influenza Virus Vaccine H5N1 by Sanofi Pasteur Inc OR Influvac OR Intanza OR M2 mutant from Influenza A OR Mutagrip Vaccine with P40 Adjuvant OR MVTT-HA-QH OR Pandemrix OR Parvovirus-Swine Influenza H1N1 & H3N2, Killed Virus  Vaccine-Erysipelothrix Rhusiopathiae-Leptospira Bratislava-Canicola-Grippotyphosa-Hardjo-Icterohaemorrhagiae-Pomona Bacterin (USDA: 49F6.22) OR Parvovirus-Swine Influenza H1N1 & H3N2, Killed Virus  Vaccine-Erysipelothrix Rhusiopathiae-Leptospira Bratislava-Canicola-Grippotyphosa-Hardjo-Icterohaemorrhagiae-Pomona Bacterin (USDA: 49F6.23) OR Parvovirus-Swine Influenza H1N1 & H3N2, Killed Virus  Vaccine-Erysipelothrix Rhusiopathiae-Leptospira Bratislava-Canicola-Grippotyphosa-Hardjo-Icterohaemorrhagiae-Pomona Bacterin (USDA: 49F6.24) OR Parvovirus-Swine Influenza H1N1 & H3N2, Killed Virus Vaccine-Erysipelothrix Rhusiopathiae-Leptospira Canicola-Grippotyphosa-Hardjo-Icterohaemorrhagiae-Pomona Bacterin (USDA: 49G6.22) OR Parvovirus-Swine Influenza H1N1 & H3N2, Killed Virus Vaccine-Erysipelothrix Rhusiopathiae-Leptospira Canicola-Grippotyphosa-Hardjo-Icterohaemorrhagiae-Pomona Bacterin (USDA: 49G6.23) OR Parvovirus-Swine Influenza H1N1 & H3N2, Killed Virus Vaccine-Erysipelothrix Rhusiopathiae-Leptospira Canicola-Grippotyphosa-Hardjo-Icterohaemorrhagiae-Pomona Bacterin (USDA: 49G6.24) OR PAV3-HA (A/Hanoi/30408/2005 H5N1) OR PAV3-HA (H5N1) OR pCAGGoptiHA OR Poulvac FluFend I AI H5N3 RG OR PROTEQ-FLU/Recombitek OR PrV-HA (swine-origin H1N1) OR RCN-HA (H5N1) OR rDEV-re6  (H5) OR rDEV-us78HA OR RE OR Recombinant baculovirus encoding HA from Influenza A virus (A/Puerto Rico/8/1934(H1N1)) OR Recombinant vaccinia virus encoding HA from Influenza B virus (Strain B/England/222/82) OR Recombinant vesicular stomatitis virus encoding HA from Influenza A virus (A/WSN/1933(H1N1)) OR rFPV-AI-H5A-IL6 OR rFPV-H5AI-L2 OR rHA with IL-1β adjuvant OR rHA with IL-2 adjuvant OR rHA with IL-7 adjuvant OR rHVT-H5 OR rHVT-H5 (clade 2.2 H5N1  HPAIV) OR rMVTT-HA-QH (H5N1) OR rNDV-H5 OR rNDV-H5 ( HPAI H5N1 challenge in mule ducks) OR rNDV-H6 OR rORFV-D1701-V-HAh5n (H5N1) OR rPIV5-H3 (influenza virus) OR rSPV-HA1 (Swine influenza virus H1N1) OR rSPV/H3-2A-H1 OR RSV-H7 OR rVEE-HA(H1N1) OR Schmidt-Ruppin Rous sarcoma virus-H7 (H7N7) OR Swine Influenza H1N1 & H3N2, Killed Virus Vaccine (USDA: 19A5.12) OR Swine Influenza H1N1 & H3N2, Killed Virus Vaccine (USDA: 19A5.22) OR Swine Influenza H1N1 & H3N2, Killed Virus Vaccine (USDA: 19A5.23) OR Swine Influenza H1N1 & H3N2, Killed Virus Vaccine (USDA: 19A5.24) OR Swine Influenza H1N1 & H3N2, Killed Virus Vaccine (USDA: 19A5.26) OR Swine Influenza H1N1 & H3N2, Killed Virus Vaccine (USDA: 19A5.29) OR Swine Influenza H1N1 & H3N2, Killed Virus Vaccine-Erysipelothrix Rhusiopathiae Bacterin (USDA: 4993.20) OR Swine Influenza H1N1 & H3N2, Killed Virus Vaccine-Erysipelothrix Rhusiopathiae Bacterin (USDA: 4993.21) OR Swine Influenza H1N1 & H3N2, Killed Virus Vaccine-Erysipelothrix Rhusiopathiae-Mycoplasma Hyopneumoniae Bacterin (USDA: 4994.20) OR Swine Influenza H1N1 & H3N2, Killed Virus Vaccine-Erysipelothrix Rhusiopathiae-Mycoplasma Hyopneumoniae Bacterin (USDA: 4994.21) OR Swine Influenza H1N1 & H3N2, Killed Virus Vaccine-Erysipelothrix Rhusiopathiae-Mycoplasma Hyopneumoniae Bacterin (USDA: 4994.23) OR Swine Influenza H1N1 & H3N2, Killed Virus Vaccine-Erysipelothrix Rhusiopathiae-Mycoplasma Hyopneumoniae Bacterin (USDA: 4994.24) OR Swine Influenza H1N1 & H3N2, Killed Virus Vaccine-Mycoplasma Hyopneumoniae Bacterin (USDA: 4995.22) OR Swine Influenza H1N1 & H3N2, Killed Virus Vaccine-Mycoplasma Hyopneumoniae Bacterin (USDA: 4995.23) OR Swine Influenza H1N1 & H3N2, Killed Virus Vaccine-Mycoplasma Hyopneumoniae Bacterin (USDA: 4995.25) OR Swine Influenza H1N1 & H3N2, Killed Virus Vaccine-Mycoplasma Hyopneumoniae Bacterin (USDA: 4995.26) OR Swine Influenza pH1N1, Killed Virus Vaccine (USDA: 19A5.2P) OR Trovac-AI-H5 OR Vaxigrip OR vFP89-H5 OR vFP89-HA (H5N1 HPAI virus) OR vNDV-H5 OR VSV*ΔG-H5 (H5N1)	0.10649764908244394	-0.8194891893651687
vP869 OR Yellow Fever NS1 Protein Vaccine OR YF-Vax	0.10602017781684153	-0.824610477481879
APSV Wetvax OR Vaccinia virus DNA vaccine 4pox OR Vaccinia virus DNA vaccine A33R from strain IHD-J OR Vaccinia virus DNA vaccine B5R OR Vaccinia virus DNA vaccine pWRG/L1R OR Vaccinia virus DNA vaccine tPA-D8L OR Vaccinia virus DNA vaccine wtD8L	0.10541020201793018	-0.8311529901637769
Adenovirus vectors expressing Marburg virus glycoprotein OR CAdVa-Filoviruses (EbMarburg viruses) OR cAdVaxM(fus) OR Heterologous MARV Protein VLP OR Irradiated MBGV antigen OR Marburg virus DNA prime/boost vaccine DNA/rAd5-GP encoding GP from strain Angola OR Marburg virus DNA vaccine DNA-GP encoding GP OR Marburg virus DNA vaccine MARV GP encoding GP OR Marburg virus glycoprotein expressed by baculovirus recombinants OR Marburg Virus Nucleoprotein Vaccine OR Marburg virus recombinant vector vaccine CAdVax-Panfilo OR Marburg virus recombinant vector vaccine MBGV GP OR Marburg virus recombinant vector vaccine MBGV GP/MBGV NP OR Marburg virus-like particles OR Multivalent DNA vaccine for B. anthracis, Ebola virus, Marburg virus, and VEE virus OR Recombinant VEE Replicons expressing MBGV GP OR Recombinant VEE Replicons expressing MBGV NP OR VSV-based vaccine expressing MBGV GP	0.10089149696988656	-0.8796199705511047
Bovine leukemia virus DNA vaccine encoding Env	0.0974590405517433	-0.9164360043771083
GSK1437173A OR Herpes simplex virus 1 gD mutant vaccine OR Herpes simplex virus 1 gH mutant vaccine OR Herpes simplex virus 1 TK mutant vaccine OR Herpes simplex virus 1 UL29 mutant vaccine OR Herpes Simplex Virus 2 DNA Vaccine encoding gD OR Herpes Simplex Virus 2 DNA Vaccine encoding gD with CD40L OR Herpes Simplex Virus 2 DNA Vaccine Vaxfectin-gD2 OR Herpes simplex virus 2 ICP0 mutant vaccine OR Herpes simplex virus DNA vaccine ∆gB-2 encoding gB OR Herpes simplex virus DNA vaccine encoding gD and gB from HSV-2 strain Curtis OR Herpes simplex virus DNA vaccine gB-DNA encoding gB OR Herpes simplex virus DNA vaccine gBDNA encoding gB OR Herpes simplex virus DNA vaccine gD-2 encoding gD OR Herpes simplex virus DNA vaccine ICP-27 DNA encoding ICP-27 OR Herpes simplex virus DNA vaccine pCI-gB encoding gB OR Herpes simplex virus DNA vaccine pSIN-gB encoding gB OR Herpes Simplex Virus Type 1 DNA Vaccine encoding 5gP OR Herpes simplex virus type 1 DNA vaccine encoding GC OR Herpes simplex virus type 1 DNA vaccine encoding GD OR Herpes simplex virus type 1 DNA vaccine encoding GE OR Herpes Simplex Virus Type 1 DNA Vaccine pRSC-gD-IL-21 OR Herpes simplex virus type 2 DNA vaccine encoding GB OR Herpes simplex virus type 2 DNA vaccine encoding ICP27 OR Herpes simplex virus type 2 vaccine using phage displaying GG protein OR HSV 2 DNA vaccine pVAX–HSV–2gD–Hsp70 OR HSV glycoproteins subunit vaccine OR pRP-RSV-HSV-1-gB OR rOka-gD2- HSV-2	0.09095879731678197	-0.9861566783383644
Adacel-Polio OR Boostrix-Polio OR DT Polio Adsorbed OR Imovax Polio OR Inactived Poliomyelitis Vaccine – IPV OR Infanrix -IPV/Hib OR Infanrix-hexa OR Infanrix-IPV OR IPOL OR KINRIX OR Pediacel OR Pediarix OR Pentacel OR Poliovax OR Quadracel OR Td Polio Adsorbed	0.0834025648170174	-1.0672037412633362
BHV1 gD subunit vaccine OR Bovilis IBR Marker OR Bovine herpesvirus 1 DNA vaccine AdCMVgC OR Bovine herpesvirus 1 DNA vaccine AdCMVgD OR Bovine herpesvirus 1 DNA vaccine pMASIAtgB encoding a truncated, secreted form of gB OR Bovine herpesvirus 1 DNA vaccine pRSV-gC OR Bovine herpesvirus 1 DNA vaccine pRSVgIV OR Bovine herpesvirus 1 DNA vaccine tgD-VP22 OR Bovine herpesvirus 1 GPI protein vaccine OR Bovine herpesvirus 1 recombinant vector vaccine BHVl/BRSVG OR Bovine herpesvirus 1 recombinant vector vaccine rLaSota/gDF encoding gD OR Bovine herpesvirus 1 recombinant vector vaccine rLaSota/gDFL encoding gD OR Bovine herpesvirus 1 UL23 mutant vaccine OR Bovine herpesvirus 1 US8 (gE) mutant vaccine OR Bovine Rhinotracheitis Killed Virus Vaccine (USDA: 1105.20) OR Bovine Rhinotracheitis Killed Virus Vaccine-Haemophilus Somnus-Mannheimia Haemolytica-Pasteurella Multocida Bacterin-Toxoid (USDA: 45H5.20) OR Bovine Rhinotracheitis Killed Virus Vaccine-Haemophilus Somnus-Mannheimia Haemolytica-Pasteurella Multocida Bacterin-Toxoid (USDA: 45H5.21) OR Bovine Rhinotracheitis Killed Virus Vaccine-Haemophilus Somnus-Mannheimia Haemolytica-Pasteurella Multocida-Salmonella Typhimurium Bacterin-Toxoid (USDA: 4109.20) OR Bovine Rhinotracheitis Modified Live Virus Vaccine (USDA: 1101.00) OR Bovine Rhinotracheitis Modified Live Virus Vaccine (USDA: 1101.20) OR Bovine Rhinotracheitis Modified Live Virus Vaccine (USDA: 1101.21) OR Bovine Rhinotracheitis Modified Live Virus Vaccine (USDA: 1101.22) OR Bovine Rhinotracheitis Modified Live Virus Vaccine (USDA: 1101.B0) OR Bovine Rhinotracheitis Modified Live Virus Vaccine-Leptospira Canicola-Grippotyphosa-Hardjo-Icterohaemorrhagiae-Pomona Bacterin (USDA: 4019.00) OR Bovine Rhinotracheitis Modified Live Virus Vaccine-Leptospira Grippotyphosa-Hardjo-Pomona Bacterin (USDA: 4059.00) OR Bovine Rhinotracheitis Modified Live Virus Vaccine-Leptospira Hardjo-Pomona Bacterin (USDA: 4069.20) OR Bovine Rhinotracheitis Modified Live Virus Vaccine-Leptospira Pomona Bacterin (USDA: 4089.00) OR Bovine Rhinotracheitis Modified Live Virus Vaccine-Leptospira Pomona Bacterin (USDA: 4089.20) OR Bovine Rhinotracheitis-Parainfluenza 3 Killed Virus Vaccine-Mannheimia Haemolytica-Pasteurella Multocida Bacterin (USDA: 4265.00) OR Bovine Rhinotracheitis-Parainfluenza 3 Modified Live Virus Vaccine (USDA: 1121.00) OR Bovine Rhinotracheitis-Parainfluenza 3 Modified Live Virus Vaccine (USDA: 1121.20) OR Bovine Rhinotracheitis-Parainfluenza 3 Modified Live Virus Vaccine (USDA: 1121.21) OR Bovine Rhinotracheitis-Parainfluenza 3 Modified Live Virus Vaccine (USDA: 1121.24) OR Bovine Rhinotracheitis-Parainfluenza 3 Modified Live Virus Vaccine (USDA: 1121.31) OR Bovine Rhinotracheitis-Parainfluenza 3 Modified Live Virus Vaccine-Haemophilus Somnus Bacterin (USDA: 4139.20) OR Bovine Rhinotracheitis-Parainfluenza 3 Modified Live Virus Vaccine-Leptospira Canicola-Grippotyphosa-Hardjo-Icterohaemorrhagiae-Pomona Bacterin (USDA: 4129.00) OR Bovine Rhinotracheitis-Parainfluenza 3 Modified Live Virus Vaccine-Leptospira Grippotyphosa-Hardjo-Pomona Bacterin (USDA: 4179.00) OR Bovine Rhinotracheitis-Parainfluenza 3 Modified Live Virus Vaccine-Leptospira Pomona Bacterin (USDA: 4209.00) OR Bovine Rhinotracheitis-Parainfluenza 3-Respiratory Syncytial Virus Modified Live Virus Vaccine (USDA: 1071.00) OR Bovine Rhinotracheitis-Parainfluenza 3-Respiratory Syncytial Virus Modified Live Virus Vaccine (USDA: 1071.20) OR Bovine Rhinotracheitis-Parainfluenza 3-Respiratory Syncytial Virus Modified Live Virus Vaccine (USDA: 1071.21) OR Bovine Rhinotracheitis-Parainfluenza 3-Respiratory Syncytial Virus Modified Live Virus Vaccine (USDA: 1071.22) OR Bovine Rhinotracheitis-Parainfluenza 3-Respiratory Syncytial Virus Modified Live Virus Vaccine (USDA: 1071.23) OR Bovine Rhinotracheitis-Respiratory Syncytial Virus Killed Virus Vaccine (USDA: 11B5.20) OR Bovine Rhinotracheitis-Virus Diarrhea Killed Virus Vaccine (USDA: 1155.20) OR Bovine Rhinotracheitis-Virus Diarrhea Killed Virus Vaccine (USDA: 1155.30) OR Bovine Rhinotracheitis-Virus Diarrhea Killed Virus Vaccine-Campylobacter Fetus-Leptospira Canicola-Grippotyphosa-Hardjo-Icterohaemorrhagiae-Pomona Bacterin (USDA: 4145.20) OR Bovine Rhinotracheitis-Virus Diarrhea Killed Virus Vaccine-Campylobacter Fetus-Leptospira Canicola-Grippotyphosa-Hardjo-Icterohaemorrhagiae-Pomona Bacterin (USDA: 4145.21) OR Bovine Rhinotracheitis-Virus Diarrhea Killed Virus Vaccine-Haemophilus Somnus-Mannheimia Haemolytica-Pasteurella Multocida Bacterin-Toxoid (USDA: 43S5.20) OR Bovine Rhinotracheitis-Virus Diarrhea Killed Virus Vaccine-Haemophilus Somnus-Mannheimia Haemolytica-Pasteurella Multocida-Salmonella Typhimurium Bacterin-Toxoid (USDA: 43T5.20) OR Bovine Rhinotracheitis-Virus Diarrhea Killed Virus Vaccine-Leptospira Canicola-Grippotyphosa-Hardjo-Icterohaemorrhagiae-Pomona Bacterin (USDA: 4335.20) OR Bovine Rhinotracheitis-Virus Diarrhea Killed Virus Vaccine-Leptospira Canicola-Grippotyphosa-Hardjo-Icterohaemorrhagiae-Pomona Bacterin (USDA: 4336.30) OR Bovine Rhinotracheitis-Virus Diarrhea Modified Live Virus Vaccine (USDA: 1151.00) OR Bovine Rhinotracheitis-Virus Diarrhea Modified Live Virus Vaccine (USDA: 1151.20) OR Bovine Rhinotracheitis-Virus Diarrhea Modified Live Virus Vaccine (USDA: 1151.22) OR Bovine Rhinotracheitis-Virus Diarrhea Modified Live Virus Vaccine (USDA: 1151.23) OR Bovine Rhinotracheitis-Virus Diarrhea Modified Live Virus Vaccine (USDA: 1151.26) OR Bovine Rhinotracheitis-Virus Diarrhea Modified Live Virus Vaccine-Campylobacter Fetus-Leptospira Canicola-Grippotyphosa-Hardjo-Icterohaemorrhagiae-Pomona Bacterin (USDA: 4141.20) OR Bovine Rhinotracheitis-Virus Diarrhea Modified Live Virus Vaccine-Leptospira Canicola-Grippotyphosa-Hardjo-Icterohaemorrhagiae-Pomona Bacterin (USDA: 4339.00) OR Bovine Rhinotracheitis-Virus Diarrhea Modified Live Virus Vaccine-Leptospira Grippotyphosa-Hardjo-Pomona Bacterin (USDA: 4359.00) OR Bovine Rhinotracheitis-Virus Diarrhea Modified Live Virus Vaccine-Leptospira Hardjo-Pomona Bacterin (USDA: 4399.20) OR Bovine Rhinotracheitis-Virus Diarrhea Modified Live Virus Vaccine-Leptospira Pomona Bacterin (USDA: 4389.00) OR Bovine Rhinotracheitis-Virus Diarrhea Modified Live Virus Vaccine-Leptospira Pomona Bacterin (USDA: 4389.20) OR Bovine Rhinotracheitis-Virus Diarrhea Modified Live Virus Vaccine-Leptospira Pomona Bacterin (USDA: 4389.21) OR Bovine Rhinotracheitis-Virus Diarrhea-Parainfluenza 3 Killed Virus Vaccine (USDA: 1175.20) OR Bovine Rhinotracheitis-Virus Diarrhea-Parainfluenza 3 Killed Virus Vaccine-Leptospira Canicola-Grippotyphosa-Hardjo-Icterohaemorrhagiae-Pomona Bacterin (USDA: 4435.20) OR Bovine Rhinotracheitis-Virus Diarrhea-Parainfluenza 3 Modified Live Virus Vaccine (USDA: 1171.00) OR Bovine Rhinotracheitis-Virus Diarrhea-Parainfluenza 3 Modified Live Virus Vaccine (USDA: 1171.20) OR Bovine Rhinotracheitis-Virus Diarrhea-Parainfluenza 3 Modified Live Virus Vaccine (USDA: 1171.22) OR Bovine Rhinotracheitis-Virus Diarrhea-Parainfluenza 3 Modified Live Virus Vaccine (USDA: 1171.24) OR Bovine Rhinotracheitis-Virus Diarrhea-Parainfluenza 3 Modified Live Virus Vaccine (USDA: 1171.25) OR Bovine Rhinotracheitis-Virus Diarrhea-Parainfluenza 3 Modified Live Virus Vaccine (USDA: 1171.26) OR Bovine Rhinotracheitis-Virus Diarrhea-Parainfluenza 3 Modified Live Virus Vaccine (USDA: 1171.27) OR Bovine Rhinotracheitis-Virus Diarrhea-Parainfluenza 3 Modified Live Virus Vaccine (USDA: 1171.30) OR Bovine Rhinotracheitis-Virus Diarrhea-Parainfluenza 3 Modified Live Virus Vaccine-Campylobacter Fetus-Leptospira Canicola-Grippotyphosa-Hardjo-Icterohaemorrhagiae-Pomona Bacterin (USDA: 4560.24) OR Bovine Rhinotracheitis-Virus Diarrhea-Parainfluenza 3 Modified Live Virus Vaccine-Campylobacter Fetus-Leptospira Canicola-Grippotyphosa-Hardjo-Icterohaemorrhagiae-Pomona Bacterin (USDA: 4560.25) OR Bovine Rhinotracheitis-Virus Diarrhea-Parainfluenza 3 Modified Live Virus Vaccine-Haemophilus Somnus-Campylobacter Fetus-Leptospira Canicola-Grippotyphosa-Hardjo-Icterohaemorrhagiae-Pomona Bacterin (USDA: 4489.30) OR Bovine Rhinotracheitis-Virus Diarrhea-Parainfluenza 3 Modified Live Virus Vaccine-Leptospira Canicola-Grippotyphosa-Hardjo-Icterohaemorrhagiae-Pomona Bacterin (USDA: 4439.00) OR Bovine Rhinotracheitis-Virus Diarrhea-Parainfluenza 3 Modified Live Virus Vaccine-Leptospira Canicola-Grippotyphosa-Hardjo-Icterohaemorrhagiae-Pomona Bacterin (USDA: 4439.20) OR Bovine Rhinotracheitis-Virus Diarrhea-Parainfluenza 3 Modified Live Virus Vaccine-Leptospira Grippotyphosa-Hardjo-Pomona Bacterin (USDA: 4479.00) OR Bovine Rhinotracheitis-Virus Diarrhea-Parainfluenza 3 Modified Live Virus Vaccine-Leptospira Pomona Bacterin (USDA: 4509.00) OR Bovine Rhinotracheitis-Virus Diarrhea-Parainfluenza 3-Respiratory Syncytial Virus  Killed Virus Vaccine-Mannheimia Haemolytica Bacterin (USDA: 44A5.20) OR Bovine Rhinotracheitis-Virus Diarrhea-Parainfluenza 3-Respiratory Syncytial Virus  Modified Live Virus Vaccine (USDA: 1181.00) OR Bovine Rhinotracheitis-Virus Diarrhea-Parainfluenza 3-Respiratory Syncytial Virus  Modified Live Virus Vaccine (USDA: 1181.20) OR Bovine Rhinotracheitis-Virus Diarrhea-Parainfluenza 3-Respiratory Syncytial Virus  Modified Live Virus Vaccine (USDA: 1181.21) OR Bovine Rhinotracheitis-Virus Diarrhea-Parainfluenza 3-Respiratory Syncytial Virus  Modified Live Virus Vaccine (USDA: 1181.22) OR Bovine Rhinotracheitis-Virus Diarrhea-Parainfluenza 3-Respiratory Syncytial Virus  Modified Live Virus Vaccine (USDA: 1181.23) OR Bovine Rhinotracheitis-Virus Diarrhea-Parainfluenza 3-Respiratory Syncytial Virus  Modified Live Virus Vaccine (USDA: 1181.24) OR Bovine Rhinotracheitis-Virus Diarrhea-Parainfluenza 3-Respiratory Syncytial Virus  Modified Live Virus Vaccine (USDA: 1181.25) OR Bovine Rhinotracheitis-Virus Diarrhea-Parainfluenza 3-Respiratory Syncytial Virus  Modified Live Virus Vaccine (USDA: 1181.26) OR Bovine Rhinotracheitis-Virus Diarrhea-Parainfluenza 3-Respiratory Syncytial Virus  Modified Live Virus Vaccine (USDA: 1181.28) OR Bovine Rhinotracheitis-Virus Diarrhea-Parainfluenza 3-Respiratory Syncytial Virus  Modified Live Virus Vaccine (USDA: 1181.30) OR Bovine Rhinotracheitis-Virus Diarrhea-Parainfluenza 3-Respiratory Syncytial Virus Killed Virus Vaccine (USDA: 1185.20) OR Bovine Rhinotracheitis-Virus Diarrhea-Parainfluenza 3-Respiratory Syncytial Virus Killed Virus Vaccine (USDA: 1185.22) OR Bovine Rhinotracheitis-Virus Diarrhea-Parainfluenza 3-Respiratory Syncytial Virus Killed Virus Vaccine-Campylobacter Fetus-Haemophilus Somnus-Leptospira Canicola-Grippotyphosa-Hardjo-Icterohaemorrhagiae-Pomona Bacterin (USDA: 44M5.20) OR Bovine Rhinotracheitis-Virus Diarrhea-Parainfluenza 3-Respiratory Syncytial Virus Killed Virus Vaccine-Campylobacter Fetus-Haemophilus Somnus-Leptospira Canicola-Grippotyphosa-Hardjo-Icterohaemorrhagiae-Pomona Bacterin (USDA: 44M5.22) OR Bovine Rhinotracheitis-Virus Diarrhea-Parainfluenza 3-Respiratory Syncytial Virus Killed Virus Vaccine-Campylobacter Fetus-Leptospira Canicola-Grippotyphosa-Hardjo-Icterohaemorrhagiae-Pomona Bacterin (USDA: 44B5.20) OR Bovine Rhinotracheitis-Virus Diarrhea-Parainfluenza 3-Respiratory Syncytial Virus Killed Virus Vaccine-Campylobacter Fetus-Leptospira Canicola-Grippotyphosa-Hardjo-Icterohaemorrhagiae-Pomona Bacterin (USDA: 44B6.20) OR Bovine Rhinotracheitis-Virus Diarrhea-Parainfluenza 3-Respiratory Syncytial Virus Killed Virus Vaccine-Campylobacter Fetus-Leptospira Canicola-Grippotyphosa-Hardjo-Icterohaemorrhagiae-Pomona Bacterin (USDA: 44B6.21) OR Bovine Rhinotracheitis-Virus Diarrhea-Parainfluenza 3-Respiratory Syncytial Virus Killed Virus Vaccine-Haemophilus Somnus Bacterin (USDA: 44C5.20) OR Bovine Rhinotracheitis-Virus Diarrhea-Parainfluenza 3-Respiratory Syncytial Virus Killed Virus Vaccine-Haemophilus Somnus Bacterin (USDA: 44C7.20) OR Bovine Rhinotracheitis-Virus Diarrhea-Parainfluenza 3-Respiratory Syncytial Virus Killed Virus Vaccine-Haemophilus Somnus Bacterin (USDA: 44D5.20) OR Bovine Rhinotracheitis-Virus Diarrhea-Parainfluenza 3-Respiratory Syncytial Virus Killed Virus Vaccine-Haemophilus Somnus-Leptospira Canicola-Grippotyphosa-Hardjo-Icterohaemorrhagiae-Pomona Bacterin (USDA: 44D7.20) OR Bovine Rhinotracheitis-Virus Diarrhea-Parainfluenza 3-Respiratory Syncytial Virus Killed Virus Vaccine-Haemophilus Somnus-Leptospira Canicola-Grippotyphosa-Hardjo-Icterohaemorrhagiae-Pomona Bacterin (USDA: 44D7.22) OR Bovine Rhinotracheitis-Virus Diarrhea-Parainfluenza 3-Respiratory Syncytial Virus Killed Virus Vaccine-Haemophilus Somnus-Mannheimia Haemolytica Bacterin (USDA: 4477.20) OR Bovine Rhinotracheitis-Virus Diarrhea-Parainfluenza 3-Respiratory Syncytial Virus Killed Virus Vaccine-Leptospira Canicola-Grippotyphosa-Hardjo-Icterohaemorrhagiae-Pomona Bacterin (USDA: 4465.20) OR Bovine Rhinotracheitis-Virus Diarrhea-Parainfluenza 3-Respiratory Syncytial Virus Killed Virus Vaccine-Leptospira Canicola-Grippotyphosa-Hardjo-Icterohaemorrhagiae-Pomona Bacterin (USDA: 4465.21) OR Bovine Rhinotracheitis-Virus Diarrhea-Parainfluenza 3-Respiratory Syncytial Virus Killed Virus Vaccine-Leptospira Canicola-Grippotyphosa-Hardjo-Icterohaemorrhagiae-Pomona Bacterin (USDA: 4465.22) OR Bovine Rhinotracheitis-Virus Diarrhea-Parainfluenza 3-Respiratory Syncytial Virus Killed Virus Vaccine-Leptospira Canicola-Grippotyphosa-Hardjo-Icterohaemorrhagiae-Pomona Bacterin (USDA: 4466.20) OR Bovine Rhinotracheitis-Virus Diarrhea-Parainfluenza 3-Respiratory Syncytial Virus Killed Virus Vaccine-Leptospira Canicola-Grippotyphosa-Hardjo-Icterohaemorrhagiae-Pomona Bacterin (USDA: 4466.21) OR Bovine Rhinotracheitis-Virus Diarrhea-Parainfluenza 3-Respiratory Syncytial Virus Killed Virus Vaccine-Leptospira Canicola-Grippotyphosa-Hardjo-Icterohaemorrhagiae-Pomona-Mannheimia Haemolytica Bacterin (USDA: 4475.20) OR Bovine Rhinotracheitis-Virus Diarrhea-Parainfluenza 3-Respiratory Syncytial Virus Modified Live & Killed Virus Vaccine (USDA: 1187.20) OR Bovine Rhinotracheitis-Virus Diarrhea-Parainfluenza 3-Respiratory Syncytial Virus Modified Live & Killed Virus Vaccine (USDA: 1187.21) OR Bovine Rhinotracheitis-Virus Diarrhea-Parainfluenza 3-Respiratory Syncytial Virus Modified Live & Killed Virus Vaccine (USDA: 1187.22) OR Bovine Rhinotracheitis-Virus Diarrhea-Parainfluenza 3-Respiratory Syncytial Virus Modified Live & Killed Virus Vaccine (USDA: 1187.25) OR Bovine Rhinotracheitis-Virus Diarrhea-Parainfluenza 3-Respiratory Syncytial Virus Modified Live & Killed Virus Vaccine (USDA: 1189.00) OR Bovine Rhinotracheitis-Virus Diarrhea-Parainfluenza 3-Respiratory Syncytial Virus Modified Live & Killed Virus Vaccine (USDA: 1189.21) OR Bovine Rhinotracheitis-Virus Diarrhea-Parainfluenza 3-Respiratory Syncytial Virus Modified Live & Killed Virus Vaccine (USDA: 1189.30) OR Bovine Rhinotracheitis-Virus Diarrhea-Parainfluenza 3-Respiratory Syncytial Virus Modified Live & Killed Virus Vaccine-Campylobacter Fetus-Leptospira Canicola-Grippotyphosa-Hardjo-Icterohaemorrhagiae-Pomona Bacterin (USDA: 44B9.21) OR Bovine Rhinotracheitis-Virus Diarrhea-Parainfluenza 3-Respiratory Syncytial Virus Modified Live & Killed Virus Vaccine-Campylobacter Fetus-Leptospira Canicola-Grippotyphosa-Hardjo-Icterohaemorrhagiae-Pomona Bacterin (USDA: 44B9.22) OR Bovine Rhinotracheitis-Virus Diarrhea-Parainfluenza 3-Respiratory Syncytial Virus Modified Live & Killed Virus Vaccine-Haemophilus Somnus Bacterin (USDA: 44F9.20) OR Bovine Rhinotracheitis-Virus Diarrhea-Parainfluenza 3-Respiratory Syncytial Virus Modified Live & Killed Virus Vaccine-Leptospira Canicola-Grippotyphosa-Hardjo-Icterohaemorrhagiae-Pomona Bacterin (USDA: 4469.20) OR Bovine Rhinotracheitis-Virus Diarrhea-Parainfluenza 3-Respiratory Syncytial Virus Modified Live & Killed Virus Vaccine-Leptospira Canicola-Grippotyphosa-Hardjo-Icterohaemorrhagiae-Pomona Bacterin (USDA: 4469.22) OR Bovine Rhinotracheitis-Virus Diarrhea-Parainfluenza 3-Respiratory Syncytial Virus Modified Live & Killed Virus Vaccine-Leptospira Canicola-Grippotyphosa-Hardjo-Icterohaemorrhagiae-Pomona Bacterin (USDA: 4469.25) OR Bovine Rhinotracheitis-Virus Diarrhea-Parainfluenza 3-Respiratory Syncytial Virus Modified Live & Killed Virus Vaccine-Leptospira Canicola-Grippotyphosa-Hardjo-Icterohaemorrhagiae-Pomona Bacterin (USDA: 4469.30) OR Bovine Rhinotracheitis-Virus Diarrhea-Parainfluenza 3-Respiratory Syncytial Virus Modified Live Virus Vaccine-Campylobacter Fetus-Leptospira Canicola-Grippotyphosa-Hardjo-Icterohaemorrhagiae-Pomona Bacterin (USDA: 44B1.20) OR Bovine Rhinotracheitis-Virus Diarrhea-Parainfluenza 3-Respiratory Syncytial Virus Modified Live Virus Vaccine-Campylobacter Fetus-Leptospira Canicola-Grippotyphosa-Hardjo-Icterohaemorrhagiae-Pomona Bacterin (USDA: 44B1.22) OR Bovine Rhinotracheitis-Virus Diarrhea-Parainfluenza 3-Respiratory Syncytial Virus Modified Live Virus Vaccine-Campylobacter Fetus-Leptospira Canicola-Grippotyphosa-Hardjo-Icterohaemorrhagiae-Pomona Bacterin (USDA: 44B1.23) OR Bovine Rhinotracheitis-Virus Diarrhea-Parainfluenza 3-Respiratory Syncytial Virus Modified Live Virus Vaccine-Campylobacter Fetus-Leptospira Canicola-Grippotyphosa-Hardjo-Icterohaemorrhagiae-Pomona Bacterin (USDA: 44B1.25) OR Bovine Rhinotracheitis-Virus Diarrhea-Parainfluenza 3-Respiratory Syncytial Virus Modified Live Virus Vaccine-Haemophilus Somnus Bacterin (USDA: 44C9.20) OR Bovine Rhinotracheitis-Virus Diarrhea-Parainfluenza 3-Respiratory Syncytial Virus Modified Live Virus Vaccine-Haemophilus Somnus Bacterin (USDA: 44C9.21) OR Bovine Rhinotracheitis-Virus Diarrhea-Parainfluenza 3-Respiratory Syncytial Virus Modified Live Virus Vaccine-Haemophilus Somnus Bacterin (USDA: 44C9.23) OR Bovine Rhinotracheitis-Virus Diarrhea-Parainfluenza 3-Respiratory Syncytial Virus Modified Live Virus Vaccine-Haemophilus Somnus Bacterin (USDA: 44C9.24) OR Bovine Rhinotracheitis-Virus Diarrhea-Parainfluenza 3-Respiratory Syncytial Virus Modified Live Virus Vaccine-Haemophilus Somnus-Leptospira Canicola-Grippotyphosa-Hardjo-Icterohaemorrhagiae-Pomona Bacterin (USDA: 44D9.20) OR Bovine Rhinotracheitis-Virus Diarrhea-Parainfluenza 3-Respiratory Syncytial Virus Modified Live Virus Vaccine-Haemophilus Somnus-Leptospira Canicola-Grippotyphosa-Hardjo-Icterohaemorrhagiae-Pomona Bacterin (USDA: 44D9.21) OR Bovine Rhinotracheitis-Virus Diarrhea-Parainfluenza 3-Respiratory Syncytial Virus Modified Live Virus Vaccine-Haemophilus Somnus-Leptospira Canicola-Grippotyphosa-Hardjo-Icterohaemorrhagiae-Pomona Bacterin (USDA: 44D9.23) OR Bovine Rhinotracheitis-Virus Diarrhea-Parainfluenza 3-Respiratory Syncytial Virus Modified Live Virus Vaccine-Haemophilus Somnus-Leptospira Canicola-Grippotyphosa-Hardjo-Icterohaemorrhagiae-Pomona Bacterin (USDA: 44D9.24) OR Bovine Rhinotracheitis-Virus Diarrhea-Parainfluenza 3-Respiratory Syncytial Virus Modified Live Virus Vaccine-Leptospira Canicola-Grippotyphosa-Hardjo-Icterohaemorrhagiae-Pomona Bacterin (USDA: 4461.20) OR Bovine Rhinotracheitis-Virus Diarrhea-Parainfluenza 3-Respiratory Syncytial Virus Modified Live Virus Vaccine-Leptospira Canicola-Grippotyphosa-Hardjo-Icterohaemorrhagiae-Pomona Bacterin (USDA: 4461.21) OR Bovine Rhinotracheitis-Virus Diarrhea-Parainfluenza 3-Respiratory Syncytial Virus Modified Live Virus Vaccine-Leptospira Canicola-Grippotyphosa-Hardjo-Icterohaemorrhagiae-Pomona Bacterin (USDA: 4461.22) OR Bovine Rhinotracheitis-Virus Diarrhea-Parainfluenza 3-Respiratory Syncytial Virus Modified Live Virus Vaccine-Leptospira Canicola-Grippotyphosa-Hardjo-Icterohaemorrhagiae-Pomona Bacterin (USDA: 4461.25) OR Bovine Rhinotracheitis-Virus Diarrhea-Parainfluenza 3-Respiratory Syncytial Virus Modified Live Virus Vaccine-Leptospira Canicola-Grippotyphosa-Hardjo-Icterohaemorrhagiae-Pomona Bacterin (USDA: 4469.00) OR Bovine Rhinotracheitis-Virus Diarrhea-Parainfluenza 3-Respiratory Syncytial Virus Modified Live Virus Vaccine-Leptospira Canicola-Grippotyphosa-Hardjo-Icterohaemorrhagiae-Pomona Bacterin (USDA: 4469.01) OR Bovine Rhinotracheitis-Virus Diarrhea-Parainfluenza 3-Respiratory Syncytial Virus Modified Live Virus Vaccine-Leptospira Canicola-Grippotyphosa-Hardjo-Icterohaemorrhagiae-Pomona Bacterin (USDA: 4469.23) OR Bovine Rhinotracheitis-Virus Diarrhea-Parainfluenza 3-Respiratory Syncytial Virus Modified Live Virus Vaccine-Leptospira Canicola-Grippotyphosa-Hardjo-Icterohaemorrhagiae-Pomona Bacterin (USDA: 4469.24) OR Bovine Rhinotracheitis-Virus Diarrhea-Parainfluenza 3-Respiratory Syncytial Virus Modified Live Virus Vaccine-Leptospira Canicola-Grippotyphosa-Hardjo-Icterohaemorrhagiae-Pomona Bacterin (USDA: 4469.26) OR Bovine Rhinotracheitis-Virus Diarrhea-Parainfluenza 3-Respiratory Syncytial Virus Modified Live Virus Vaccine-Leptospira Hardjo Bacterin (USDA: 4L49.20) OR Bovine Rhinotracheitis-Virus Diarrhea-Parainfluenza 3-Respiratory Syncytial Virus Modified Live Virus Vaccine-Mannheimia Haemolytica Toxoid (USDA: 4X49.20) OR Bovine Rhinotracheitis-Virus Diarrhea-Parainfluenza 3-Respiratory Syncytial Virus Modified Live Virus Vaccine-Mannheimia Haemolytica Toxoid (USDA: 4X49.21) OR Bovine Rhinotracheitis-Virus Diarrhea-Parainfluenza 3-Respiratory Syncytial Virus Modified Live Virus Vaccine-Mannheimia Haemolytica-Pasteurella Multocida Bacterin-Toxoid (USDA: 45B9.20) OR Bovine Rhinotracheitis-Virus Diarrhea-Parainfluenza 3-Respiratory Syncytial Virus Modified Live Virus Vaccine-Mannheimia Haemolytica-Pasteurella Multocida Bacterin-Toxoid (USDA: 45B9.21) OR Bovine Rhinotracheitis-Virus Diarrhea-Parainfluenza 3-Respiratory Syncytial Virus-Mannheimia Haemolytica-Pasteurella Multocida Modified Live Virus, Avirulent Live Culture Vaccine (USDA: 11A8.22) OR Bovine Rhinotracheitis-Virus Diarrhea-Respiratory Syncytial Virus Killed Virus Vaccine (USDA: 11A5.20) OR Bovine Rhinotracheitis-Virus Diarrhea-Respiratory Syncytial Virus Modified Live Virus Vaccine (USDA: 11A1.20) OR Bovine Rhinotracheitis-Virus Diarrhea-Respiratory Syncytial Virus Modified Live Virus Vaccine (USDA: 11A1.26) OR Bovine Rhinotracheitis-Virus Diarrhea-Respiratory Syncytial Virus Modified Live Virus Vaccine (USDA: 11A1.30) OR Bovine Rhinotracheitis-Virus Diarrhea-Respiratory Syncytial Virus Modified Live Virus Vaccine-Leptospira Pomona Bacterin (USDA: 4367.20) OR Bovine Rhinotracheitis-Virus Diarrhea-Respiratory Syncytial Virus Modified Live Virus Vaccine-Leptospira Pomona Bacterin (USDA: 4367.26) OR Bovine Rhinotracheitis-Virus Diarrhea-Respiratory Syncytial Virus Modified Live Virus Vaccine-Leptospira Pomona Bacterin (USDA: 4367.30)	0.08061060871402467	-1.0971498608368222
NYVAC-PRV- gII/ gp50 OR Pseduorabies Subunit Glycoprotein C Vaccine OR Pseudorabies Modified Live Virus Vaccine (USDA: 1891.20) OR Pseudorabies Modified Live Virus Vaccine (USDA: 1891.22) OR Pseudorabies Modified Live Virus Vaccine (USDA: 1891.R2) OR Pseudorabies Modified Live Virus Vaccine (USDA: 1891.R4) OR Pseudorabies recombinant vector vaccine encoding gp50 and gII protein OR Pseudorabies recombinant vector vaccine encoding gp50 protein OR Pseudorabies Subunit gB Protein Vaccine OR Pseudorabies Subunit gI Protein Vaccine OR Pseudorabies virus glycoprotein E/G/UL23 mutant vaccine OR Pseudorabies virus gp50/gp63 mutant vaccine OR Pseudorabies virus UL50 mutant vaccine OR Pseudorabies virus US3 mutant vaccine OR Psuedorabies DNA vaccine encoding IE180 protein OR Psuedorabies virus glycoprotein M mutant vaccine OR rORFV-PRV-gC/gD OR Suvaxyn Aujeszky	0.07663060631115487	-1.1398387941375085
Bovine Rotavirus-Coronavirus Killed Virus Vaccine-Clostridium Perfringens Type C-Escherichia Coli Bacterin-Toxoid (USDA: 4570.20) OR Bovine Rotavirus-Coronavirus Killed Virus Vaccine-Clostridium Perfringens Type C-Escherichia Coli Bacterin-Toxoid (USDA: 4570.22) OR Bovine Rotavirus-Coronavirus Killed Virus Vaccine-Clostridium Perfringens Types C & D-Escherichia Coli Bacterin-Toxoid (USDA: 4575.20) OR Bovine Rotavirus-Coronavirus Killed Virus Vaccine-Escherichia Coli Bacterin (USDA: 4585.20) OR Bovine Rotavirus-Coronavirus Killed Virus Vaccine-Escherichia Coli Bacterin (USDA: 4585.22)	0.0671096442390836	-1.2419592638537953
